sentiment_6m,alpha_3factor,beta_mkt,factor_score,month,rank,ticker,formation_date
0.0,,,0.0,2019-01,1,AAPL,2018-12-31
0.0,,,0.0,2019-01,2,ABBV,2018-12-31
0.0,,,0.0,2019-01,3,ACGL,2018-12-31
0.0,,,0.0,2019-01,4,ADP,2018-12-31
0.0,,,0.0,2019-01,5,AEE,2018-12-31
0.0,,,0.0,2019-01,6,AJG,2018-12-31
0.0,,,0.0,2019-01,7,ALB,2018-12-31
0.0,,,0.0,2019-01,8,ALLE,2018-12-31
0.0,,,0.0,2019-01,9,AMZN,2018-12-31
0.0,,,0.0,2019-01,10,APA,2018-12-31
0.0087466627832443,0.4465328664048667,0.6548371407434022,0.8733333333333334,2019-02,1,NRG,2019-01-31
0.0003056939504055119,0.4111858961992485,0.7624319866523429,0.8733333333333334,2019-02,2,LLY,2019-01-31
0.006325307819578383,0.24316432308736163,0.628227379822557,0.8133333333333334,2019-02,3,CME,2019-01-31
5.7701361439530813e-05,0.24221531272644412,0.49287953971756043,0.78,2019-02,4,HRL,2019-01-31
0.005641391885185998,0.23755498557063098,0.18841487095523615,0.7266666666666667,2019-02,5,AEE,2019-01-31
0.0002312122711113521,0.2363827977691242,0.24993922885769648,0.7133333333333334,2019-02,6,VTR,2019-01-31
0.0006281527143622202,0.20099141810959084,0.27315284827160086,0.6933333333333335,2019-02,7,ATO,2019-01-31
0.003665913901631794,0.18686758660611077,0.1382573878955157,0.6333333333333334,2019-02,8,CMS,2019-01-31
7.95654183815396e-05,0.050925955352007404,0.9865430102209738,0.6266666666666667,2019-02,9,ORCL,2019-01-31
3.73003560872305e-05,0.10115604287314567,0.9056036015852078,0.6266666666666667,2019-02,10,DHR,2019-01-31
0.012417882428967722,0.24949110863435583,1.0115639409042703,0.9066666666666667,2019-03,1,ADP,2019-02-28
0.00740971595108036,0.424405598831686,0.5568283606713869,0.8666666666666667,2019-03,2,NRG,2019-02-28
0.005646119766410381,0.2825902209748213,0.1539356369213584,0.8066666666666668,2019-03,3,AEE,2019-02-28
0.010801053945980375,0.2294384199871117,0.7335508751391113,0.7533333333333334,2019-03,4,MSI,2019-02-28
0.003665913901631794,0.25171719861162273,0.0764545939528087,0.7533333333333334,2019-03,5,CMS,2019-02-28
0.0009405858927182308,0.20303979968561334,0.8960023279935168,0.7133333333333334,2019-03,6,DHR,2019-02-28
0.0014093941461945337,0.2426138487652083,0.07804537817976545,0.7066666666666667,2019-03,7,WEC,2019-02-28
0.0006281527143622202,0.21814254944105693,0.24671298363838906,0.6866666666666668,2019-03,8,ATO,2019-02-28
0.004318094147103173,0.15116021292393844,1.068310954221519,0.6866666666666666,2019-03,9,FAST,2019-02-28
0.000644419164884658,0.21688636507388953,0.3346163290940358,0.6666666666666667,2019-03,10,CLX,2019-02-28
0.013975711381087505,0.24176407849249315,0.966460776549985,0.9600000000000001,2019-04,1,ADP,2019-03-29
0.0038698851943962157,0.2655728463028498,0.19694888346349448,0.8400000000000001,2019-04,2,VTR,2019-03-29
0.006588920093481504,0.2150934345362895,0.8837136326256094,0.8333333333333334,2019-04,3,WMB,2019-03-29
0.010280663783233317,0.21860846118525348,0.5937277336471996,0.8066666666666668,2019-04,4,NRG,2019-03-29
0.007177542835947067,0.2027856546760634,1.143502031511973,0.8,2019-04,5,AVGO,2019-03-29
0.005646119766410381,0.23997996822245482,0.15041591960836326,0.78,2019-04,6,AEE,2019-03-29
0.0031444396541899997,0.18382290872672866,0.8946426318889962,0.74,2019-04,7,DHR,2019-03-29
0.004318094147103173,0.1632451769176093,1.033891878100262,0.7133333333333334,2019-04,8,FAST,2019-03-29
0.004188732022330875,0.18433790560628907,0.40466547741223075,0.6733333333333333,2019-04,9,CLX,2019-03-29
0.013994486953215623,0.17938782890544647,0.7702164410626073,0.6666666666666666,2019-04,10,MSI,2019-03-29
0.004318094147103173,0.29581150049659016,1.01909943024367,0.9866666666666667,2019-05,1,FAST,2019-04-30
0.007988073178148142,0.2705028600914029,1.1696001141616144,0.9000000000000001,2019-05,2,AVGO,2019-04-30
0.013338350245812858,0.17939352889919863,0.9918118435216683,0.8866666666666667,2019-05,3,ADP,2019-04-30
0.0036832275135176523,0.21415844146015126,0.7558429539395192,0.8333333333333335,2019-05,4,DG,2019-04-30
0.004379036466753672,0.2645550081485613,0.3742786077520653,0.8066666666666666,2019-05,5,CLX,2019-04-30
0.004068192133985499,0.1707138400015699,0.8548867788236338,0.7733333333333334,2019-05,6,ACGL,2019-04-30
0.0038698851943962157,0.17126946098180368,0.21340104567815432,0.7133333333333334,2019-05,7,VTR,2019-04-30
0.00979783468776279,0.16505037634643105,1.446042443808456,0.6933333333333334,2019-05,8,MPWR,2019-04-30
0.005148792112118038,0.15128007337883576,0.8988837926506894,0.6933333333333334,2019-05,9,WMB,2019-04-30
0.013994486953215623,0.1470123926142623,0.7676675507931118,0.6266666666666667,2019-05,10,MSI,2019-04-30
0.004068192133985499,0.30034536956827906,0.8409543580072221,0.9066666666666667,2019-06,1,ACGL,2019-05-31
0.0036832275135176523,0.31201962526460003,0.7784154602856711,0.9066666666666667,2019-06,2,DG,2019-05-31
0.009388485820707223,0.24539141831579295,1.088428135093131,0.8800000000000001,2019-06,3,GPN,2019-05-31
0.004318094147103173,0.2323102433982728,1.0496945562786755,0.8666666666666667,2019-06,4,FAST,2019-05-31
0.013994486953215623,0.26902386455119554,0.7872016716000173,0.8600000000000001,2019-06,5,MSI,2019-05-31
0.0036275904803048996,0.1973420408460549,0.9775128912027451,0.8600000000000001,2019-06,6,UAL,2019-05-31
0.009420567610406296,0.17929156225422266,0.8352193576525515,0.7666666666666668,2019-06,7,DHR,2019-05-31
0.005053826819651972,0.17428376850601465,1.0178257583393036,0.76,2019-06,8,SNPS,2019-05-31
0.018185151363944725,0.17733400415378525,0.2794678695445205,0.6666666666666667,2019-06,9,SRE,2019-05-31
0.0038698851943962157,0.17438763299601517,0.2013023362216436,0.6333333333333333,2019-06,10,VTR,2019-05-31
0.004318094147103173,0.29385435766541407,1.0999451849990558,0.9400000000000001,2019-07,1,FAST,2019-06-28
0.012411707056262506,0.24272475445416267,1.054467149118765,0.9000000000000001,2019-07,2,SNPS,2019-06-28
0.013994486953215623,0.27317354265384747,0.7942161318386028,0.8733333333333334,2019-07,3,MSI,2019-06-28
0.025101870765525197,0.288068376198919,1.380431971654696,0.8666666666666668,2019-07,4,FSLR,2019-06-28
0.009388485820707223,0.2246099895376766,1.045779306463158,0.8533333333333334,2019-07,5,GPN,2019-06-28
0.011080719483190195,0.2380745651581573,0.8037336247716963,0.8266666666666667,2019-07,6,DHR,2019-06-28
0.015091576098325786,0.19305346681392346,0.9322652120001894,0.8000000000000002,2019-07,7,ORCL,2019-06-28
0.007650701908601655,0.17309711904569458,0.7731457027725541,0.7066666666666667,2019-07,8,TRV,2019-06-28
0.007500757685019856,0.14611997131398946,1.0833863562365726,0.6799999999999999,2019-07,9,PNC,2019-06-28
0.008093771437356628,0.15071805910263852,1.2649314864089247,0.6733333333333333,2019-07,10,AVGO,2019-06-28
0.010899714638503174,0.24914818606097897,1.0450203092327364,0.9600000000000001,2019-08,1,GPN,2019-07-31
0.012411707056262506,0.24810961989052288,1.0691696628434721,0.9066666666666667,2019-08,2,SNPS,2019-07-31
0.02544990439145338,0.26528157295436233,1.3353553279828618,0.8933333333333334,2019-08,3,FSLR,2019-07-31
0.013994486953215623,0.22955035455294517,0.7910237871410757,0.8400000000000001,2019-08,4,MSI,2019-07-31
0.008557049043462934,0.22525058965959838,1.2874607284532606,0.8,2019-08,5,AVGO,2019-07-31
0.016224733769570163,0.1853449581442647,0.823064064605775,0.7666666666666668,2019-08,6,DHR,2019-07-31
0.008081404935745965,0.1907296556492132,1.501744913245973,0.7333333333333334,2019-08,7,MPWR,2019-07-31
0.0051069216083281885,0.14280977701157238,1.1631452382080978,0.64,2019-08,8,FAST,2019-07-31
0.009064221941920183,0.17920382771015003,0.13963334218165158,0.6266666666666667,2019-08,9,WEC,2019-07-31
0.004379036466753672,0.1510908370569877,0.4428528371293969,0.6199999999999999,2019-08,10,CLX,2019-07-31
0.0058407511092467695,0.3445911400124649,1.2781106126267912,0.9066666666666667,2019-09,1,AVGO,2019-08-30
0.008023776675737093,0.3125925769287171,1.138093164643601,0.8866666666666667,2019-09,2,CDNS,2019-08-30
0.009537341102721199,0.33778923790759674,1.4771706521395902,0.8400000000000001,2019-09,3,LRCX,2019-08-30
0.015585819249430663,0.25318636684284135,1.1490468400092246,0.8133333333333334,2019-09,4,SNPS,2019-08-30
0.028656754751132912,0.2813048335526691,1.3416858007711427,0.8066666666666668,2019-09,5,FSLR,2019-08-30
0.00994240669927821,0.22638979732794903,0.858448748969415,0.7733333333333334,2019-09,6,DHR,2019-08-30
0.004244898624077078,0.19748235330909802,1.0721746581210623,0.76,2019-09,7,GPN,2019-08-30
0.01091861756303725,0.21091676332035816,1.1449929356813444,0.7400000000000001,2019-09,8,FITB,2019-08-30
0.014137182985900571,0.23158356287821133,0.15641606663177465,0.68,2019-09,9,WEC,2019-08-30
0.00743354596788921,0.16847512093243233,0.538201948516461,0.6066666666666667,2019-09,10,ARE,2019-08-30
0.007721845444942277,0.35224136314531046,1.1388092450879475,0.8866666666666667,2019-10,1,CDNS,2019-09-30
0.005533287922541301,0.5148755838174195,1.477516817374369,0.8733333333333334,2019-10,2,LRCX,2019-09-30
0.0044536469947724115,0.3570023524521648,1.5062508917457142,0.8400000000000001,2019-10,3,MPWR,2019-09-30
0.00392201046148936,0.27056712944554123,1.161924215867516,0.8133333333333334,2019-10,4,SNPS,2019-09-30
0.014764975273498784,0.2645674141932607,1.3172612730610818,0.7333333333333335,2019-10,5,FSLR,2019-09-30
0.004756916708574093,0.29763428936907155,0.18803970062772213,0.7333333333333334,2019-10,6,VTR,2019-09-30
0.011970695181597005,0.21677695289147023,0.8470877620883991,0.7133333333333334,2019-10,7,DHR,2019-09-30
0.003907463641433173,0.21049228761119337,0.8952419312445667,0.7133333333333333,2019-10,8,CHTR,2019-09-30
0.009848219771233816,0.22304361717934917,0.5274807439271618,0.6933333333333334,2019-10,9,ARE,2019-09-30
0.010007377295069909,0.2702623971337562,0.12859431584013314,0.6733333333333335,2019-10,10,WEC,2019-09-30
0.004523467765283333,0.3364242546938526,1.2540192350661947,0.9066666666666667,2019-11,1,FAST,2019-10-31
0.003907463641433173,0.28176309543057804,0.7642788756154127,0.8866666666666667,2019-11,2,CHTR,2019-10-31
0.005533287922541301,0.572450923526606,1.510389600787839,0.8800000000000001,2019-11,3,LRCX,2019-10-31
0.005644233885843202,0.17960316872588272,1.2657118123928586,0.7866666666666667,2019-11,4,AVGO,2019-10-31
0.00482142933133523,0.18896269010314592,1.520725966561789,0.7666666666666667,2019-11,5,MPWR,2019-10-31
0.013298655642817419,0.15725342567099437,0.8694506292053015,0.7466666666666667,2019-11,6,DHR,2019-10-31
0.007721845444942277,0.1583594868097279,1.2619752113074016,0.7400000000000001,2019-11,7,CDNS,2019-10-31
0.011541751518884978,0.19274531859937702,0.14800340652745592,0.7266666666666668,2019-11,8,WEC,2019-10-31
0.009848219771233816,0.16974072470710308,0.5168001795431784,0.7266666666666668,2019-11,9,ARE,2019-10-31
0.007579617823163669,0.10746745123758608,1.1110414704176534,0.6200000000000001,2019-11,10,MTD,2019-10-31
0.007226302510216122,0.2483754724882196,1.212087133388902,0.9266666666666667,2019-12,1,NDSN,2019-11-29
0.005533287922541301,0.4159848558069834,1.5842803080348837,0.8733333333333334,2019-12,2,LRCX,2019-11-29
0.005197774475962712,0.23612921513106658,0.7085331859911802,0.8666666666666667,2019-12,3,CHTR,2019-11-29
0.007721845444942277,0.19664815709517486,1.2946209127669102,0.8333333333333335,2019-12,4,CDNS,2019-11-29
0.005527228083329614,0.19436624522815527,1.2680967853382445,0.8266666666666667,2019-12,5,AVGO,2019-11-29
0.005188010238781178,0.1662708502022039,1.2674062405800997,0.7800000000000001,2019-12,6,FAST,2019-11-29
0.010610987033162798,0.1705350973665682,0.5209039190474773,0.7533333333333334,2019-12,7,ARE,2019-11-29
0.0077228132221433855,0.13795567225939048,1.4563901093189962,0.68,2019-12,8,PH,2019-11-29
0.015489405652019603,0.09718265449402747,0.9001660469936161,0.6733333333333333,2019-12,9,DHR,2019-11-29
0.04489075508213638,0.15771899632231226,0.3465228445566384,0.6666666666666667,2019-12,10,SRE,2019-11-29
0.005150740000384826,0.33937660441835554,0.6628844297116592,0.9333333333333333,2020-01,1,CHTR,2019-12-31
0.005010959486921609,0.22931713372817553,1.0810290677860963,0.9333333333333333,2020-01,2,GPN,2019-12-31
0.008425640251026984,0.2556318139761824,1.2642463529530585,0.9200000000000002,2020-01,3,QCOM,2019-12-31
0.05080408505808199,0.21912890841597613,0.32542331139661784,0.7866666666666667,2020-01,4,SRE,2019-12-31
0.013970086198984358,0.10127630532471618,0.9247994127193362,0.78,2020-01,5,DHR,2019-12-31
0.005188010238781178,0.10796070727602863,1.37716526261015,0.7266666666666668,2020-01,6,FAST,2019-12-31
0.012671295421385259,0.20846297537251365,0.08735810103563063,0.7066666666666667,2020-01,7,WEC,2019-12-31
0.025048606698869394,0.16811045105864,0.1820893026008975,0.6933333333333334,2020-01,8,LNT,2019-12-31
0.008942255577831355,0.1470840340566395,0.12816314895343178,0.6600000000000001,2020-01,9,CMS,2019-12-31
0.008812957745525046,0.07631286701344671,1.670122186877613,0.6066666666666667,2020-01,10,MPWR,2019-12-31
0.004868005153047975,0.25431415451540795,0.6462135613189912,0.9133333333333334,2020-02,1,LMT,2020-01-31
0.0052444938565333376,0.3229158697911346,0.5186483690409005,0.9066666666666667,2020-02,2,CHTR,2020-01-31
0.007226302510216122,0.17506254823515205,1.2079009485532928,0.7933333333333334,2020-02,3,NDSN,2020-01-31
0.036920603635021886,0.1933777911065663,0.3075384231451789,0.78,2020-02,4,SRE,2020-01-31
0.004536232120971409,0.22056910028201182,2.093758588369367,0.7533333333333334,2020-02,5,NVDA,2020-01-31
0.016484308090207626,0.10333030244128544,0.9607564798041681,0.7266666666666667,2020-02,6,DHR,2020-01-31
0.011900923358739685,0.18946207856341665,0.10717156834383212,0.7066666666666667,2020-02,7,WEC,2020-01-31
0.02555290776152144,0.1800175547963399,0.1488936596431114,0.7000000000000001,2020-02,8,LNT,2020-01-31
0.013401276919813384,0.14191673056891915,0.10984817550132575,0.6333333333333334,2020-02,9,CMS,2020-01-31
0.04214996605511763,0.12352052960194655,0.28442825564070123,0.6333333333333333,2020-02,10,D,2020-01-31
0.004905105139764529,0.22998513269385226,1.2629779762037865,0.9133333333333334,2020-03,1,FAST,2020-02-28
0.01632480704879823,0.06514744500180637,0.9950269618429096,0.8400000000000001,2020-03,2,CVS,2020-02-28
0.007226302510216122,0.13675429604537911,1.1892605688575313,0.8400000000000001,2020-03,3,NDSN,2020-02-28
0.007877385639955128,0.1815795387180549,1.4171178833905946,0.8200000000000001,2020-03,4,PH,2020-02-28
0.005482235032711471,0.526920068990673,1.9708860505061618,0.8066666666666668,2020-03,5,NVDA,2020-02-28
0.016217388751435323,0.2022684469517364,1.5999611848447741,0.8,2020-03,6,MPWR,2020-02-28
0.004868005153047975,0.10582811171244827,0.7146900204241682,0.8,2020-03,7,LMT,2020-02-28
0.009637852399267928,0.05928880813266186,0.9177658766908723,0.7666666666666667,2020-03,8,VRTX,2020-02-28
0.003969528224496614,0.05776522942579438,1.0857884977958745,0.7266666666666666,2020-03,9,AVY,2020-02-28
0.010493780965251581,0.05942480204386849,0.25294274226527014,0.6266666666666667,2020-03,10,WEC,2020-02-28
0.017352349220137737,0.16387812294045478,0.9047865061084508,0.8266666666666668,2020-04,1,CVS,2020-03-31
0.01137109320376987,0.13015053170252378,1.049311930678896,0.8266666666666668,2020-04,2,VRTX,2020-03-31
0.012700233575194361,0.5532691929728971,1.5386752276307325,0.8200000000000001,2020-04,3,NVDA,2020-03-31
0.01254252968454566,0.2735044300929042,0.8318207509659665,0.8200000000000001,2020-04,4,CHTR,2020-03-31
0.007226302510216122,0.3071020768182876,1.2863503267599476,0.7933333333333333,2020-04,5,NDSN,2020-03-31
0.017910905957642477,0.5209637723741631,1.5467242415354532,0.7866666666666667,2020-04,6,MPWR,2020-03-31
0.007877385639955128,0.19687610381598417,1.2730622599021084,0.7466666666666667,2020-04,7,PH,2020-03-31
0.015463181581131365,0.09409916439359656,0.883252315400609,0.7266666666666667,2020-04,8,LMT,2020-03-31
0.003969528224496614,0.014387540785244879,0.9988769335212598,0.6799999999999999,2020-04,9,AVY,2020-03-31
0.005623111216765311,0.09807985252645819,0.3671876275080886,0.6200000000000001,2020-04,10,CLX,2020-03-31
0.013118636702670744,0.3943763567389806,1.5613552997452862,0.8066666666666668,2020-05,1,NVDA,2020-04-30
0.016774111116925877,0.31613038150355555,1.5571824237128598,0.7866666666666667,2020-05,2,MPWR,2020-04-30
0.0075428884924485864,0.1368126143027126,1.033453147233359,0.7866666666666666,2020-05,3,VRTX,2020-04-30
0.012598261569055727,0.19124829465499207,0.8311961691675365,0.7733333333333334,2020-05,4,CHTR,2020-04-30
0.007310836561142452,0.1797559574692135,1.1302404894727958,0.7733333333333334,2020-05,5,DECK,2020-04-30
0.011766923470274795,0.27043220874142126,1.3186526109064265,0.7733333333333333,2020-05,6,PH,2020-04-30
0.007226302510216122,0.26889231712168765,1.260755102460715,0.7666666666666667,2020-05,7,NDSN,2020-04-30
0.00797877204481256,0.17407404496362128,1.149491833196058,0.7133333333333334,2020-05,8,PNC,2020-04-30
0.012995535462075736,0.18475029685509342,1.3582330598091465,0.6866666666666668,2020-05,9,GPN,2020-04-30
0.02294855643871915,0.11821376917512494,0.8557314597345396,0.6533333333333333,2020-05,10,LMT,2020-04-30
0.014686749745456,0.6701909922246596,1.2687647493651542,0.8600000000000001,2020-06,1,APO,2020-05-29
0.03026284465181922,0.18076669630438633,0.9193590588380749,0.8266666666666668,2020-06,2,NRG,2020-05-29
0.013089005892419495,0.6355700471075079,1.569145134958875,0.7800000000000001,2020-06,3,NVDA,2020-05-29
0.011443334347579012,0.20232379267458095,0.7999468687010273,0.7666666666666667,2020-06,4,CHTR,2020-05-29
0.01715967675582284,0.4674581507574949,1.5544089177349396,0.76,2020-06,5,MPWR,2020-05-29
0.022282542262831304,0.1619574570780521,1.1550037014040977,0.7533333333333334,2020-06,6,PNC,2020-05-29
0.021337547459733236,0.37269065919309224,1.3135394001701202,0.7533333333333334,2020-06,7,PH,2020-05-29
0.008940630325328106,0.12276136657293427,0.931329957477919,0.7533333333333334,2020-06,8,HBAN,2020-05-29
0.008536417810438974,0.1446225667470338,0.8418856917348008,0.7200000000000001,2020-06,9,CVS,2020-05-29
0.02265480020106717,0.054079623859195174,0.9726351119727096,0.6933333333333334,2020-06,10,D,2020-05-29
0.018547178039120298,0.6404870892342703,1.268568370924966,0.8666666666666667,2020-07,1,APO,2020-06-30
0.02219837414563964,0.14282896939984793,0.9368913218121745,0.8400000000000001,2020-07,2,HBAN,2020-06-30
0.012355455334919644,0.15012487938456934,0.8504567032147605,0.8200000000000001,2020-07,3,CVS,2020-06-30
0.021753784998682142,0.09787557034357593,1.0081597585311357,0.8133333333333335,2020-07,4,ARE,2020-06-30
0.011584501272888594,0.5361701640123191,1.5596088102467573,0.7800000000000001,2020-07,5,NVDA,2020-06-30
0.04057811885264027,0.34529384564244797,1.2929910602098915,0.7600000000000001,2020-07,6,PH,2020-06-30
0.013909189873153255,0.45050823251415656,1.5472006618138183,0.76,2020-07,7,MPWR,2020-06-30
0.011443334347579012,0.12129342157857328,0.7893071057000314,0.7133333333333335,2020-07,8,CHTR,2020-06-30
0.03026284465181922,0.0522983026390513,0.9284836810029475,0.6933333333333334,2020-07,9,NRG,2020-06-30
0.02270849258629442,0.055093226221508564,1.1577286364686938,0.6799999999999999,2020-07,10,PNC,2020-06-30
0.021753784998682146,0.11260335269397985,0.9993738725963813,0.8666666666666667,2020-08,1,ARE,2020-07-31
0.02210874153823449,0.14402300453044714,0.9292411762882699,0.8600000000000001,2020-08,2,HBAN,2020-07-31
0.02081278163111872,0.647404237956892,1.2688883568293228,0.8466666666666667,2020-08,3,APO,2020-07-31
0.0113495804914305,0.2520260081865674,0.7764477400696616,0.8133333333333334,2020-08,4,CHTR,2020-07-31
0.011736400162203155,0.5668870302784532,1.5459926922127882,0.7800000000000001,2020-08,5,NVDA,2020-07-31
0.029707154879967373,0.07382622541054244,0.9245123029483481,0.7666666666666667,2020-08,6,NRG,2020-07-31
0.040429462077559306,0.194174829991138,1.3143286481012253,0.7400000000000001,2020-08,7,PH,2020-07-31
0.012355455334919642,0.09019775058018273,0.8195103764218181,0.7333333333333335,2020-08,8,CVS,2020-07-31
0.01888359916795577,0.0693936906791937,1.2644849847039699,0.6466666666666667,2020-08,9,CDNS,2020-07-31
0.021168304272193128,0.03703204002534046,0.8166359573724717,0.6466666666666666,2020-08,10,LMT,2020-07-31
0.025174260723389803,0.18529048444499152,0.8490866729327647,0.8266666666666668,2020-09,1,FSLR,2020-08-31
0.01991547367698143,0.27604332678679816,1.299177950008748,0.8133333333333335,2020-09,2,APO,2020-08-31
0.02210874153823449,0.10492256007762926,0.9150843905107002,0.8066666666666668,2020-09,3,HBAN,2020-08-31
0.010790397250463091,0.6448323272626326,1.5262377457832819,0.8066666666666668,2020-09,4,NVDA,2020-08-31
0.018952233990329127,0.058245017525348636,1.0653431135607851,0.78,2020-09,5,HPQ,2020-08-31
0.03992703477679579,0.2532128372710231,1.3134899646748415,0.7733333333333333,2020-09,6,PH,2020-08-31
0.01389674376203585,0.09937037829598211,0.8626778715138433,0.7600000000000001,2020-09,7,DHR,2020-08-31
0.010910720642563166,0.1783340718772384,0.7869528030796565,0.76,2020-09,8,CHTR,2020-08-31
0.017781009454102742,0.0495942456027627,1.2405548379424336,0.6466666666666667,2020-09,9,CDNS,2020-08-31
0.02270849258629442,0.026969967997598293,1.1516305932411877,0.6333333333333333,2020-09,10,PNC,2020-08-31
0.02894411795826816,0.19402503962117781,0.9330800461470505,0.9066666666666667,2020-10,1,HBAN,2020-09-30
0.021192164406692852,0.3506927273052332,1.2904888935506,0.8466666666666667,2020-10,2,APO,2020-09-30
0.03992703477679579,0.2841476398576889,1.3020188819979204,0.8133333333333335,2020-10,3,PH,2020-09-30
0.023825628965324346,0.1679925640440565,0.8715219010269825,0.8133333333333334,2020-10,4,FSLR,2020-09-30
0.009726679090548446,0.16946924924249893,0.842980194996976,0.8066666666666668,2020-10,5,DHR,2020-09-30
0.02909196563001372,0.10000204979281031,1.140353230872161,0.7200000000000001,2020-10,6,PNC,2020-09-30
0.03230657964629471,0.09325082307671938,1.1042898910614087,0.72,2020-10,7,CTSH,2020-09-30
0.053490173130754444,0.12028834479220854,1.2267583684072152,0.7066666666666668,2020-10,8,MET,2020-09-30
0.01863278283013238,0.09194896626207912,1.0371700227434268,0.7066666666666667,2020-10,9,HPQ,2020-09-30
0.009249357240540641,0.16156641595662252,1.5631764153398193,0.6733333333333335,2020-10,10,LRCX,2020-09-30
0.022665079521931825,0.5497011933461255,0.8276675877362726,0.8866666666666667,2020-11,1,FSLR,2020-10-30
0.016940333185687897,0.29125733238913426,0.9302642791310496,0.8733333333333334,2020-11,2,HBAN,2020-10-30
0.009412683714082633,0.3362208934346042,0.8314360201231085,0.8666666666666668,2020-11,3,DHR,2020-10-30
0.03603749694647613,0.30323240866558687,1.2844762478502623,0.7866666666666667,2020-11,4,PH,2020-10-30
0.030002695818742115,0.16682601099117395,1.101992745309918,0.7866666666666667,2020-11,5,CTSH,2020-10-30
0.007645496137442082,0.2610715657915249,1.209871949535871,0.7733333333333334,2020-11,6,QCOM,2020-10-30
0.011956175168355307,0.12082414435274606,1.0505483045490953,0.7466666666666667,2020-11,7,HPQ,2020-10-30
0.023928930243802448,0.1610269867867596,1.2188207530583823,0.7066666666666668,2020-11,8,MET,2020-10-30
0.015287644201400661,0.07983730601952341,1.1211867415035959,0.6466666666666667,2020-11,9,PNC,2020-10-30
0.016865921162423633,0.12898319025357835,1.53770879266232,0.6200000000000001,2020-11,10,LRCX,2020-10-30
0.013712128358227866,0.3086706898381017,0.9099864030042165,0.8866666666666667,2020-12,1,HBAN,2020-11-30
0.009946150551476176,0.44799123874063124,0.8231456074156452,0.8866666666666667,2020-12,2,FSLR,2020-11-30
0.019240571392907038,0.3362866097087085,1.2798061893455157,0.8200000000000001,2020-12,3,PH,2020-11-30
0.006727742622532542,0.20393890942778095,0.8305242755786787,0.7600000000000001,2020-12,4,DHR,2020-11-30
0.00426136949994787,0.2966230398041497,1.22546700554847,0.76,2020-12,5,QCOM,2020-11-30
0.006059122572421397,0.1837174982201715,1.060381634586678,0.7533333333333334,2020-12,6,DELL,2020-11-30
0.013256850223692636,0.3084223771143878,1.5404860236928994,0.7266666666666668,2020-12,7,LRCX,2020-11-30
0.013065667852522835,0.19935273654886035,1.2157392689408917,0.6866666666666668,2020-12,8,MET,2020-11-30
0.00752794667684212,0.201336781757867,1.3122990426192964,0.6666666666666667,2020-12,9,FITB,2020-11-30
0.009874568572120062,0.04504189156318572,1.0510816746089904,0.6066666666666667,2020-12,10,HPQ,2020-11-30
0.00045438453791633485,0.3812418216157595,0.9136816166488011,0.9066666666666667,2021-01,1,HBAN,2020-12-31
0.00044833913090683167,0.24911113902098597,1.081806399800421,0.9,2021-01,2,DECK,2020-12-31
0.02024604616657136,0.38864310792690193,0.8271796214569648,0.8733333333333334,2021-01,3,FSLR,2020-12-31
0.0037768906822536513,0.21071800505472044,0.9155374181645917,0.8066666666666668,2021-01,4,NKE,2020-12-31
0.0033476867432159093,0.2465578439338942,1.2244495527120616,0.7866666666666667,2021-01,5,QCOM,2020-12-31
0.0010646845672338727,0.18391572971292286,0.9844581994750434,0.78,2021-01,6,POOL,2020-12-31
0.0005579236599188003,0.19881659591019446,1.1108602268901642,0.7533333333333334,2021-01,7,PNC,2020-12-31
0.0004483393083016078,0.2447222245140741,1.564209372528815,0.7066666666666667,2021-01,8,MPWR,2020-12-31
0.0059824202446237444,0.14508132103763138,1.0592082685486277,0.7,2021-01,9,DELL,2020-12-31
0.0064199405411879224,0.195353129811805,1.2417430177048732,0.6666666666666667,2021-01,10,CDNS,2020-12-31
0.0018101126970673993,0.6863725496473145,1.0658024652926172,0.9733333333333334,2021-02,1,ALB,2021-01-29
0.00045438453791633485,0.3976417324797326,0.9260296956321452,0.9066666666666667,2021-02,2,HBAN,2021-01-29
0.02050430617398686,0.4384522827862105,0.8485609646962007,0.8600000000000001,2021-02,3,FSLR,2021-01-29
0.0059824202446237444,0.1705022685443143,1.0587842582755445,0.7933333333333334,2021-02,4,DELL,2021-01-29
0.0033476867432159093,0.29614395073970057,1.2257247400084874,0.7933333333333334,2021-02,5,QCOM,2021-01-29
0.0064199405411879224,0.19500133886646182,1.2391808983437669,0.7333333333333334,2021-02,6,CDNS,2021-01-29
0.006727742622532542,0.18543366529874816,0.8175374171482026,0.7200000000000002,2021-02,7,DHR,2021-01-29
0.0010646845672338727,0.1269374774848006,0.9961208161667015,0.7066666666666668,2021-02,8,POOL,2021-01-29
0.0004483393083016078,0.2569197710008204,1.5823169059146236,0.7066666666666667,2021-02,9,MPWR,2021-01-29
0.00044833913090683167,0.16482662953723093,1.1022014007387642,0.7066666666666667,2021-02,10,DECK,2021-01-29
0.0018101126970673993,0.4270968707766624,1.0605662698108373,0.9666666666666668,2021-03,1,ALB,2021-02-26
0.00045438453791633485,0.35524399522274214,0.9438541272816158,0.9466666666666668,2021-03,2,HBAN,2021-02-26
0.0056794146223673745,0.28640740372345364,1.0314136333800725,0.88,2021-03,3,DELL,2021-02-26
0.0074069977752746095,0.3027471715851346,1.2310299837061751,0.8133333333333334,2021-03,4,CDNS,2021-02-26
0.00012288410931076638,0.22033041894342614,0.9128102899502588,0.7866666666666668,2021-03,5,NKE,2021-02-26
0.020981245097659883,0.236382521461587,0.8373250788056499,0.7600000000000001,2021-03,6,FSLR,2021-02-26
0.0004483393083016078,0.29079693052227007,1.5930436671884793,0.7400000000000001,2021-03,7,MPWR,2021-02-26
0.0005579236599188003,0.1936139676949151,1.129483678050911,0.6933333333333334,2021-03,8,PNC,2021-02-26
0.0033476867432159093,0.19734412535168985,1.2131668413259005,0.6866666666666668,2021-03,9,QCOM,2021-02-26
0.005802226092870063,0.14953968205935322,0.8975145715978339,0.66,2021-03,10,ORCL,2021-02-26
0.0056794146223673745,0.32280832366617757,0.9916187874971841,0.9733333333333334,2021-04,1,DELL,2021-03-31
0.022834196997185547,0.23330943538336035,1.1743007327932988,0.8533333333333334,2021-04,2,FSLR,2021-03-31
0.0074069977752746095,0.2345619723231162,1.244582135591128,0.8533333333333334,2021-04,3,CDNS,2021-03-31
0.002250612462087283,0.21135476210573037,1.2160650263552213,0.8133333333333334,2021-04,4,DECK,2021-03-31
0.0019877973387126256,0.6769888571943048,1.6658831948180024,0.8133333333333334,2021-04,5,APA,2021-03-31
0.0013832284886606786,0.19728159994426878,1.201269714031932,0.7933333333333334,2021-04,6,ALB,2021-03-31
0.0010646845672338727,0.19239938660029973,0.8450215584046501,0.7933333333333334,2021-04,7,POOL,2021-03-31
0.00042952650359698704,0.17123503144291716,0.7515994036804063,0.7133333333333334,2021-04,8,CHTR,2021-03-31
0.002979420480274019,0.15529313073835177,1.2855542843274577,0.68,2021-04,9,QCOM,2021-03-31
0.0,0.09996144758456693,0.8785710861419013,0.68,2021-04,10,AJG,2021-03-31
0.002627112615255662,0.48500626654389417,0.9092966469284469,0.9733333333333334,2021-05,1,DELL,2021-04-30
0.0018022733311804514,0.31319730346140945,1.0673193779305963,0.8933333333333333,2021-05,2,DECK,2021-04-30
0.0030412657787560154,0.4666595402305262,0.7251490452262231,0.8466666666666668,2021-05,3,POOL,2021-04-30
0.0,0.3981274102082535,0.7460478984262545,0.8466666666666667,2021-05,4,AJG,2021-04-30
0.0013697839800327542,0.2792755996009627,1.1274158670662324,0.8133333333333335,2021-05,5,HPQ,2021-04-30
0.0011042668065302584,0.3527185616438925,1.2622397188347487,0.8133333333333335,2021-05,6,ALB,2021-04-30
0.0016093643366352844,0.09738055253104026,0.8784803678668781,0.74,2021-05,7,NKE,2021-04-30
0.0035845084243981296,0.17560314488801151,0.6574229707012573,0.7000000000000002,2021-05,8,ORCL,2021-04-30
0.015496932206645844,0.053275443654838495,1.0870991267347416,0.6933333333333334,2021-05,9,FSLR,2021-04-30
0.00042952650359698704,0.17196648253055807,0.7321921306727116,0.6933333333333334,2021-05,10,CHTR,2021-04-30
0.0005014837313791641,0.3908138372022905,0.8539000339339055,0.9400000000000001,2021-06,1,DELL,2021-05-28
0.0018022733311804514,0.19180593745240582,0.9828012022406263,0.8866666666666667,2021-06,2,DECK,2021-05-28
0.00242492051982375,0.3773333603809464,0.6937592225513699,0.8600000000000001,2021-06,3,POOL,2021-05-28
0.0,0.23040069263516094,0.7491062305920224,0.8400000000000001,2021-06,4,AJG,2021-05-28
0.0035845084243981296,0.1991735741535781,0.6658256169483985,0.7933333333333334,2021-06,5,ORCL,2021-05-28
0.004259259627254867,0.17872528758098477,1.2188273424515605,0.7733333333333334,2021-06,6,ALB,2021-05-28
0.020453157139912484,0.09902432953310741,1.0128810154201766,0.76,2021-06,7,FSLR,2021-05-28
0.00042952650359698704,0.1371640378142994,0.7814282311931248,0.7266666666666668,2021-06,8,CHTR,2021-05-28
0.0024527610925139573,0.145706597918771,1.370790473352865,0.7066666666666668,2021-06,9,QCOM,2021-05-28
0.0023315901549157106,0.03931312374588113,0.8752045209596647,0.6666666666666667,2021-06,10,NKE,2021-05-28
0.012403120725322023,0.25149439488841097,0.9611233503166099,0.9666666666666668,2021-07,1,FSLR,2021-06-30
0.002567796966281097,0.21853001652527923,1.044214344857519,0.9066666666666667,2021-07,2,DELL,2021-06-30
0.00242492051982375,0.4001593875716775,0.6354729751543636,0.8866666666666667,2021-07,3,POOL,2021-06-30
0.0018022733311804514,0.21691465135199248,1.0769851271613307,0.8733333333333334,2021-07,4,DECK,2021-06-30
0.0023424500931062803,0.22582625931694186,0.7699970344800342,0.8533333333333334,2021-07,5,NKE,2021-06-30
0.00042952650359698704,0.20948356369305107,0.8095937842770577,0.8,2021-07,6,CHTR,2021-06-30
0.005873682204062346,0.1716526028034108,0.6656857168729005,0.7333333333333335,2021-07,7,ORCL,2021-06-30
0.005062301726962523,0.16678862659130075,1.2848495890238538,0.7133333333333334,2021-07,8,ALB,2021-06-30
0.000283961199105732,0.0637971492391555,1.2081372275626754,0.7066666666666667,2021-07,9,CDNS,2021-06-30
0.0016484828222365607,0.029048750493032426,1.103926860038956,0.6733333333333333,2021-07,10,VTR,2021-06-30
0.006607479588301093,0.3772304844906245,1.3068588501905214,0.8866666666666667,2021-08,1,ALB,2021-07-30
0.0018022733311804514,0.2707044319578936,1.0594129868668016,0.88,2021-08,2,DECK,2021-07-30
0.00234245009310628,0.36368395014868277,0.7471949700543178,0.8733333333333334,2021-08,3,NKE,2021-07-30
0.005873682204062346,0.29656306084820044,0.6839668293583888,0.8200000000000001,2021-08,4,ORCL,2021-07-30
0.002567796966281097,0.13807569825161373,1.05547828153792,0.8133333333333335,2021-08,5,DELL,2021-07-30
0.002361193999017357,0.2939459127406699,0.6909890253319344,0.8,2021-08,6,POOL,2021-07-30
0.00042952650359698704,0.16701750388642794,0.7672316191634441,0.7600000000000001,2021-08,7,CHTR,2021-07-30
0.0,0.242793765619997,0.7346619355236953,0.7600000000000001,2021-08,8,ADP,2021-07-30
0.0,0.13247713311552567,0.8635080017986486,0.74,2021-08,9,AVB,2021-07-30
0.003697541498002552,0.13133588584001288,0.887538431056909,0.7333333333333333,2021-08,10,FFIV,2021-07-30
0.0054570872376047104,0.45453700211084175,1.3397382256943544,0.8733333333333334,2021-09,1,ALB,2021-08-31
0.007245640896221317,0.34826297950024127,0.6843961951782683,0.8533333333333335,2021-09,2,POOL,2021-08-31
0.005873682204062346,0.3158728221432299,0.6992412450042718,0.8333333333333334,2021-09,3,ORCL,2021-08-31
0.001414257590183798,0.24505067157373356,0.7650412597241623,0.8266666666666668,2021-09,4,NKE,2021-08-31
0.003697541498002552,0.17034148370213661,0.9139447361013009,0.7933333333333334,2021-09,5,FFIV,2021-08-31
0.0,0.22697323690381246,0.7552436966531716,0.7933333333333333,2021-09,6,ADP,2021-08-31
0.0066172584654792905,0.22507051353783356,0.7826615413313691,0.7866666666666667,2021-09,7,CHTR,2021-08-31
0.000283961199105732,0.22068733912518673,1.2586112412421409,0.7333333333333335,2021-09,8,CDNS,2021-08-31
0.0,0.13290777101098408,0.8336370590798143,0.7066666666666666,2021-09,9,AVB,2021-08-31
0.004465240939163868,0.09205650198331804,1.0322777047076772,0.7000000000000001,2021-09,10,DELL,2021-08-31
0.005566807404633552,0.4040215126551009,1.204598163330275,0.9266666666666667,2021-10,1,ALB,2021-09-30
0.000283961199105732,0.2669785960402857,1.2251838900450878,0.8933333333333334,2021-10,2,CDNS,2021-09-30
0.003697541498002552,0.22584016291110295,0.9321953470141127,0.8800000000000001,2021-10,3,FFIV,2021-09-30
0.007245640896221317,0.2420797348110946,0.6766481893215757,0.8400000000000001,2021-10,4,POOL,2021-09-30
0.009122213595127932,0.22479718691599473,0.7030540799976988,0.7933333333333333,2021-10,5,ORCL,2021-09-30
2.2921977298600333e-05,0.11929138705973279,0.9882291396936833,0.76,2021-10,6,EQR,2021-09-30
0.0056217725502041285,0.19931467957980756,0.6449563541181493,0.7466666666666668,2021-10,7,FSLR,2021-09-30
0.0066172584654792905,0.1264019695111335,0.8053484054655242,0.72,2021-10,8,CHTR,2021-09-30
0.0,0.19630879312213617,0.6613981850928008,0.7000000000000001,2021-10,9,ADP,2021-09-30
0.004465240939163868,0.11666442976761408,1.0492314356515315,0.6866666666666668,2021-10,10,DELL,2021-09-30
0.005566807404633552,0.48471708779653466,1.2668952381624834,0.9,2021-11,1,ALB,2021-10-29
2.2921977298600333e-05,0.258616926033538,0.9007640747644474,0.8466666666666667,2021-11,2,EQR,2021-10-29
0.0074114279141501765,0.32943787174417777,0.6405656892428465,0.8066666666666668,2021-11,3,ORCL,2021-10-29
0.00014429233682455208,0.43748070985199405,1.4664146128411353,0.8066666666666666,2021-11,4,NVDA,2021-10-29
0.0126221842048739,0.44556005597440534,1.6928543519383554,0.7866666666666667,2021-11,5,OXY,2021-10-29
0.00996783406291374,0.24938025663505042,0.7497251717697011,0.7733333333333334,2021-11,6,POOL,2021-10-29
0.0039637572077847035,0.2054339871317691,1.0662348142271543,0.7733333333333334,2021-11,7,DELL,2021-10-29
0.000283961199105732,0.2353582411065651,1.2711012399221764,0.7333333333333335,2021-11,8,CDNS,2021-10-29
0.0018229744737110441,0.12737797876789778,0.8587653476927906,0.7333333333333334,2021-11,9,MSI,2021-10-29
0.005933397533322769,0.0624169740445235,0.9450386807986767,0.7,2021-11,10,FSLR,2021-10-29
0.0024118145839089437,0.4253561577312497,1.257623094531765,0.8933333333333334,2021-12,1,ALB,2021-11-30
0.00996783406291374,0.33364041734954464,0.8846177839141064,0.8733333333333334,2021-12,2,POOL,2021-11-30
0.0010604116837354457,0.7672734189800362,1.5740079212934157,0.8466666666666667,2021-12,3,NVDA,2021-11-30
0.014673063206294227,0.29460162050541433,0.6912248197945126,0.7933333333333333,2021-12,4,ORCL,2021-11-30
0.000283961199105732,0.28789579419009,1.3579421369449591,0.7600000000000001,2021-12,5,CDNS,2021-11-30
0.002074450490966676,0.35748570863951384,1.7192676705919068,0.76,2021-12,6,MPWR,2021-11-30
0.004739941041620951,0.24669830999603726,1.2811685298372266,0.7466666666666668,2021-12,7,APO,2021-11-30
0.0039637572077847035,0.20647307980822344,1.1002562020747826,0.7466666666666667,2021-12,8,DELL,2021-11-30
2.2921977298600333e-05,0.2149296757593695,0.8013124485483941,0.7400000000000001,2021-12,9,EQR,2021-11-30
0.0018229744737110441,0.2006172229513076,0.9071051797434039,0.7266666666666666,2021-12,10,MSI,2021-11-30
0.00996783406291374,0.261616305159274,0.9427826607506528,0.9133333333333333,2022-01,1,POOL,2021-12-31
0.0018229744737110441,0.25925410939451765,0.9547549115934576,0.9000000000000001,2022-01,2,MSI,2021-12-31
0.0016644441537440769,0.29036773674278055,1.286143477587413,0.8800000000000001,2022-01,3,ALB,2021-12-31
0.0021991275259124433,0.7279208595545005,1.7291312789599425,0.8133333333333334,2022-01,4,NVDA,2021-12-31
0.0005974903525341125,0.25481611543242805,0.7528661640078874,0.8066666666666666,2022-01,5,EQR,2021-12-31
0.004739941041620951,0.1801007627312218,1.2040283748021077,0.7600000000000001,2022-01,6,APO,2021-12-31
0.0018974439728827704,0.146014039979763,1.093015961857585,0.76,2022-01,7,DELL,2021-12-31
0.0,0.13640269526554016,0.9083092242150342,0.74,2022-01,8,ADP,2021-12-31
0.002074450490966676,0.2112227470673548,1.5872238572251398,0.7066666666666668,2022-01,9,MPWR,2021-12-31
0.010859316663333663,0.05630587203871288,0.9055309191035499,0.6733333333333333,2022-01,10,ORCL,2021-12-31
0.0020069766139227244,0.33932408394443137,1.2897843176082882,0.8800000000000001,2022-02,1,ALB,2022-01-31
0.010031560583720131,0.23745012256013967,0.8476793612612699,0.8200000000000001,2022-02,2,POOL,2022-01-31
0.0025319864794388545,0.7353027650413507,1.8613088175906647,0.8066666666666668,2022-02,3,NVDA,2022-01-31
0.005828446442527431,0.3104907447679841,1.4552802759612917,0.8,2022-02,4,MPWR,2022-01-31
0.0024131620450625344,0.22801831765161967,1.2513621166755091,0.7866666666666667,2022-02,5,APO,2022-01-31
0.0005623234148335348,0.17857882953423818,1.0353575256878889,0.7733333333333333,2022-02,6,XOM,2022-01-31
0.006757597276379192,0.31279508498276726,1.8298363271913345,0.76,2022-02,7,APA,2022-01-31
0.0005974903525341125,0.21717710743514154,0.7214747434627411,0.7533333333333334,2022-02,8,EQR,2022-01-31
0.0018229744737110441,0.1217206195286605,1.0044160649243516,0.7333333333333334,2022-02,9,MSI,2022-01-31
0.0018974439728827704,0.16844367521438108,1.091664596929689,0.7133333333333333,2022-02,10,DELL,2022-01-31
0.00810423508463871,0.42927641096814617,1.4150404481321885,0.8800000000000001,2022-03,1,MPWR,2022-02-28
0.005147113686516171,0.30865174144941526,0.9459377067006874,0.8666666666666667,2022-03,2,POOL,2022-02-28
0.0028033519015995398,0.7462873416842549,1.9217150867736583,0.8066666666666668,2022-03,3,NVDA,2022-02-28
0.011351475549843486,0.25017233982635023,1.503331063232001,0.7666666666666667,2022-03,4,QCOM,2022-02-28
0.00404128526884412,0.19954102363606496,1.0966894170836157,0.7666666666666667,2022-03,5,EFX,2022-02-28
0.0031573689646191066,0.31422598564332804,1.676534623482867,0.7600000000000001,2022-03,6,ALB,2022-02-28
0.012977725131407616,0.3535804749921881,1.8142709493099325,0.76,2022-03,7,APA,2022-02-28
0.002835088697749944,0.243379951124242,0.48542243861095996,0.7333333333333335,2022-03,8,ABBV,2022-02-28
0.01152829426247134,0.14029453285268498,1.0197364217032656,0.7000000000000001,2022-03,9,FSLR,2022-02-28
0.0013484354057009258,0.1593832339628219,1.3158737377833751,0.6733333333333333,2022-03,10,APO,2022-02-28
0.015078504555045611,0.6911527646205857,1.5716311219188865,0.8600000000000001,2022-04,1,APA,2022-03-31
0.00810423508463871,0.4142766767143804,1.4888119438173206,0.8266666666666668,2022-04,2,MPWR,2022-03-31
0.0023243353669139023,0.7424320355411003,1.9654924616281662,0.8133333333333334,2022-04,3,NVDA,2022-03-31
0.0030476487975902656,0.449418698584165,1.629271172528749,0.8,2022-04,4,ALB,2022-03-31
0.002516557455121998,0.32487108205499526,0.4645051509434005,0.7866666666666667,2022-04,5,ABBV,2022-03-31
0.008648753703772043,0.2664162011331057,0.6589129383018266,0.7666666666666668,2022-04,6,XOM,2022-03-31
0.0012213422192467584,0.22269258043691295,0.6421473769459227,0.7333333333333334,2022-04,7,DHR,2022-03-31
0.00404128526884412,0.20976054740205674,1.0395465402572073,0.7333333333333333,2022-04,8,EFX,2022-03-31
0.013273437724266418,0.21397688606866513,0.6908196648475634,0.72,2022-04,9,FSLR,2022-03-31
0.005478878815968831,0.18305033401614898,1.3008417053709742,0.6799999999999999,2022-04,10,CDNS,2022-03-31
0.0022247689094573382,0.7231464752849968,1.291450126117295,0.9266666666666667,2022-05,1,OXY,2022-04-29
0.005478878815968831,0.3788986572044987,1.2515775468938513,0.8400000000000001,2022-05,2,CDNS,2022-04-29
0.020205749809820813,0.6851537574218004,1.6638716083459455,0.8133333333333335,2022-05,3,APA,2022-04-29
0.00810423508463871,0.47027115675113174,1.500859887566409,0.8133333333333335,2022-05,4,MPWR,2022-04-29
0.0048411831723901375,0.2932555173337439,0.7311116036277557,0.8066666666666668,2022-05,5,XOM,2022-04-29
0.003135276687125048,0.6220666712163415,1.9324963529631005,0.7533333333333334,2022-05,6,NVDA,2022-04-29
0.014801321901065648,0.2745081763152948,0.6365571436234476,0.7400000000000001,2022-05,7,FSLR,2022-04-29
0.003293819708618718,0.22933284684476132,0.4940146951152303,0.7000000000000001,2022-05,8,ABBV,2022-04-29
0.007965156156640113,0.22358041745400323,1.5175529076935967,0.6666666666666667,2022-05,9,QCOM,2022-04-29
0.02547428725415437,0.06185453840126065,0.708335950199384,0.6266666666666667,2022-05,10,NRG,2022-04-29
0.006207960326062528,0.8754349246634654,1.4431203508512385,0.8666666666666667,2022-06,1,OXY,2022-05-31
0.008218318223953247,0.4525165372824607,1.229654297759609,0.8266666666666667,2022-06,2,CDNS,2022-05-31
0.010205599917974493,0.3821207374522835,0.8290977547201669,0.7866666666666668,2022-06,3,XOM,2022-05-31
0.007272206042848882,0.6932283686846948,1.6308738115689678,0.7866666666666667,2022-06,4,MPWR,2022-05-31
0.026739831944858586,0.7284611849590548,1.92628823248717,0.7800000000000001,2022-06,5,APA,2022-05-31
0.02219885859697584,0.41094202112390465,0.6357075187672196,0.7600000000000001,2022-06,6,NRG,2022-05-31
0.004227326349628086,0.5724417139950969,1.9048424321967823,0.7333333333333334,2022-06,7,NVDA,2022-05-31
0.002447123851352956,0.20068442014357799,1.0542598596947805,0.72,2022-06,8,MSFT,2022-05-31
0.018538997567717045,0.27274782035097084,0.7224080668199345,0.6933333333333334,2022-06,9,FSLR,2022-05-31
0.00763581148035492,0.28755891637036246,1.4423051132350748,0.6866666666666668,2022-06,10,QCOM,2022-05-31
0.009086846060175801,0.7273992505265879,1.409110016218494,0.8733333333333334,2022-07,1,OXY,2022-06-30
0.008218318223953247,0.5026638984820555,1.2387500685297703,0.8533333333333334,2022-07,2,CDNS,2022-06-30
0.01450388713034149,0.273798750218716,0.892656407632767,0.8333333333333335,2022-07,3,XOM,2022-06-30
0.008590818182174581,0.23016728659260632,1.0187297929108545,0.8066666666666668,2022-07,4,SYY,2022-06-30
0.03015724490224211,0.6443042228310901,1.8347199220087043,0.7800000000000001,2022-07,5,APA,2022-06-30
0.014369327784885491,0.6318868922968587,1.6730582662309925,0.7666666666666667,2022-07,6,MPWR,2022-06-30
0.0024432966109711567,0.3214840528882851,0.43344661189599487,0.7466666666666667,2022-07,7,ABBV,2022-06-30
0.005648628890919847,0.2521567997398713,1.405556678041958,0.7266666666666668,2022-07,8,QCOM,2022-06-30
0.01599429219606377,0.17125696611503566,0.729260808565761,0.7,2022-07,9,FSLR,2022-06-30
0.004638318741132343,0.11435309916059305,1.075796431852422,0.6866666666666668,2022-07,10,CTSH,2022-06-30
0.01095775786846403,0.5525295024298497,1.2295907691114296,0.8733333333333334,2022-08,1,CDNS,2022-07-29
0.011067505345298193,0.8443696443906215,1.466446480596078,0.8600000000000001,2022-08,2,OXY,2022-07-29
0.010556773983296894,0.5109783189304452,0.8060674112592063,0.8600000000000001,2022-08,3,FSLR,2022-07-29
0.011093526212912814,0.402380092615423,0.9454196296011945,0.8133333333333335,2022-08,4,XOM,2022-07-29
0.023379868354707484,0.6393548873685365,1.9355830341170268,0.7800000000000001,2022-08,5,APA,2022-07-29
0.008590818182174581,0.1732990057125122,0.9680862486069028,0.7466666666666666,2022-08,6,SYY,2022-07-29
0.019553543130556742,0.48651846808104116,1.6548077382998532,0.72,2022-08,7,MPWR,2022-07-29
0.005648628890919847,0.231616944019747,1.3243224246702676,0.7000000000000001,2022-08,8,QCOM,2022-07-29
0.0026701757735286746,0.4216712228518491,1.9110087587686204,0.68,2022-08,9,NVDA,2022-07-29
0.003457691314336664,0.21108034647785567,0.3915805629317658,0.6333333333333333,2022-08,10,ABBV,2022-07-29
0.012469392992675646,0.49295071811970403,0.9415637669686105,0.9000000000000001,2022-09,1,XOM,2022-08-31
0.01048193601478102,1.0024961894448048,1.4090806220323824,0.8666666666666667,2022-09,2,OXY,2022-08-31
0.018441919745906952,0.6694986004303924,0.7618629025673723,0.8533333333333334,2022-09,3,FSLR,2022-08-31
0.012002711359605768,0.4335122977617034,1.193299983879607,0.8133333333333335,2022-09,4,CDNS,2022-08-31
0.02846444979132641,0.7304809523789804,1.872854222197726,0.7800000000000001,2022-09,5,APA,2022-08-31
0.004021730687883165,0.2527897092301941,1.3390242199157871,0.7266666666666668,2022-09,6,QCOM,2022-08-31
0.015865604674059248,0.44781043474599713,1.6453293486990246,0.7133333333333334,2022-09,7,MPWR,2022-08-31
0.01449132937507159,0.14031427209136862,0.9330293235350718,0.7066666666666667,2022-09,8,SYY,2022-08-31
0.0025518692777158946,0.13754808585679262,1.0453267425219612,0.6933333333333334,2022-09,9,MSFT,2022-08-31
0.01889464480398351,0.1952275061204589,1.4341235317869065,0.6733333333333333,2022-09,10,APO,2022-08-31
0.025878187535660846,0.8728486187640246,1.3319893254381912,0.8866666666666667,2022-10,1,OXY,2022-09-30
0.008835685129952494,0.7245664962615409,0.7086846541175811,0.8733333333333334,2022-10,2,FSLR,2022-09-30
0.013658519796049014,0.4477137220570991,0.9477767656050531,0.8600000000000001,2022-10,3,XOM,2022-09-30
0.008271179012025025,0.46638697996867395,1.152094885534782,0.8533333333333334,2022-10,4,CDNS,2022-09-30
0.00507314619238651,0.6239275831364949,0.5975428595418772,0.78,2022-10,5,VRTX,2022-09-30
0.03002472184894104,0.6930666425273528,1.7991832123121432,0.76,2022-10,6,APA,2022-09-30
0.006897565746118152,0.27710000468256374,1.32629885637231,0.68,2022-10,7,QCOM,2022-09-30
0.01980088949794807,0.31097856792824996,1.6122092261294532,0.6600000000000001,2022-10,8,MPWR,2022-09-30
0.0035202837109182786,0.2997615280626403,0.4118884047840485,0.64,2022-10,9,ABBV,2022-09-30
0.004322013211628747,0.09866687629253201,0.7541180270696776,0.6200000000000001,2022-10,10,TAP,2022-09-30
0.02414761671323885,0.7824852724028919,1.257257774786166,0.9066666666666667,2022-11,1,OXY,2022-10-31
0.01367823959876622,0.4832990447285918,0.951159930306294,0.88,2022-11,2,XOM,2022-10-31
0.00507314619238651,0.6954280465726101,0.6654861294650689,0.8533333333333335,2022-11,3,VRTX,2022-10-31
0.008271179012025025,0.2826652517200026,1.1190856942136884,0.8466666666666668,2022-11,4,CDNS,2022-10-31
0.02344196233701296,0.5727604383418892,0.7096749895494402,0.8200000000000001,2022-11,5,FSLR,2022-10-31
0.007188118166393704,0.2820862601952667,1.163008952046914,0.7933333333333334,2022-11,6,DECK,2022-10-31
0.029145278885555105,0.2547341154039001,0.9636999990708949,0.78,2022-11,7,SYY,2022-10-31
0.020484241903340687,0.5988112870597753,1.7052002847219083,0.76,2022-11,8,APA,2022-10-31
0.004140876785472588,0.2795828624125561,1.3272961337940226,0.7000000000000001,2022-11,9,QCOM,2022-10-31
0.0094181707161264,0.2078305603595325,0.815929912469583,0.7,2022-11,10,NRG,2022-10-31
0.008483397428921388,0.4818580326223059,0.9579601188993259,0.8933333333333333,2022-12,1,XOM,2022-11-30
0.03443822338544332,0.775552167693092,1.2787005623835963,0.8800000000000001,2022-12,2,OXY,2022-11-30
0.022824103555706132,0.8700674080205237,0.6238862757680151,0.8733333333333334,2022-12,3,FSLR,2022-11-30
0.007188118166393704,0.33897084693260593,1.1077183278196199,0.8400000000000001,2022-12,4,DECK,2022-11-30
0.008271177829393185,0.32221576009217284,1.1009164746266613,0.8200000000000002,2022-12,5,CDNS,2022-11-30
0.00507314619238651,0.6422975296285481,0.57578769427855,0.8,2022-12,6,VRTX,2022-11-30
0.03504578818624118,0.2963718031261227,0.8813487245987324,0.7733333333333334,2022-12,7,SYY,2022-11-30
0.015998915217264938,0.5177350681409736,1.6645293269927863,0.7400000000000001,2022-12,8,APA,2022-11-30
0.0035309608385124536,0.2957704114656493,1.1603800370793764,0.7333333333333334,2022-12,9,PSX,2022-11-30
0.01643663408264281,0.20900896772352895,1.0645472811600942,0.6933333333333334,2022-12,10,MTD,2022-11-30
0.010732788565221892,0.5568319274351542,0.9966017266932321,0.9200000000000002,2023-01,1,XOM,2022-12-30
0.04051427421589002,0.824153956382528,1.2862443448598069,0.8800000000000001,2023-01,2,OXY,2022-12-30
0.022423838941311395,0.942914906187087,0.6274668635094938,0.8800000000000001,2023-01,3,FSLR,2022-12-30
0.021579275528589886,0.5217576771255225,1.107912767072614,0.8400000000000001,2023-01,4,DECK,2022-12-30
0.002386076740486912,0.3363105810835567,1.0652359156604303,0.7933333333333334,2023-01,5,ROST,2022-12-30
0.012658042547406344,0.6277489436926418,1.7013478199614074,0.76,2023-01,6,APA,2022-12-30
0.0079823361990589,0.4428051243930911,0.5959626851668887,0.7266666666666668,2023-01,7,VRTX,2022-12-30
0.002870203390047348,0.32488510091447054,1.1942324756580374,0.72,2023-01,8,PSX,2022-12-30
0.008271177829393185,0.2877069748531243,1.0723558624005136,0.7066666666666667,2023-01,9,CDNS,2022-12-30
0.0023108471638311153,0.2179458318839918,0.9781986059491299,0.7000000000000001,2023-01,10,GDDY,2022-12-30
0.012816022155541331,0.44434654202190166,1.0115829296663283,0.9133333333333334,2023-02,1,XOM,2023-01-31
0.021579275528589886,0.4537864380428666,1.0918561368355568,0.9066666666666667,2023-02,2,DECK,2023-01-31
0.0374792256868855,0.6259137086587276,1.2178121589467472,0.8933333333333334,2023-02,3,OXY,2023-01-31
0.03366995456495455,1.023201764163315,0.6664910699655469,0.8800000000000001,2023-02,4,FSLR,2023-01-31
0.0055317381848824,0.4174215774501583,1.0715672087728358,0.8466666666666668,2023-02,5,CDNS,2023-01-31
0.007233389642424684,0.43887892112316956,1.4061502547644962,0.76,2023-02,6,ALB,2023-01-31
0.004398501975826485,0.21387420199182702,0.8823210397223967,0.7133333333333333,2023-02,7,ORCL,2023-01-31
0.016436631717379132,0.20741583648531536,1.0753866255284932,0.7066666666666667,2023-02,8,MTD,2023-01-31
0.008464478288910218,0.377179655338784,0.5808698307575944,0.66,2023-02,9,VRTX,2023-01-31
0.006238438691648226,0.3843585009589642,1.731822342623278,0.6533333333333334,2023-02,10,MPWR,2023-01-31
0.02897368631665669,0.5269356069234864,1.054920802824181,0.9266666666666667,2023-03,1,DECK,2023-02-28
0.03365570016960198,0.5612362907977345,1.3019236160702545,0.8800000000000001,2023-03,2,OXY,2023-02-28
0.03205780550423595,1.0202221288411704,0.6384061552087894,0.8733333333333334,2023-03,3,FSLR,2023-02-28
0.008198076652155982,0.4258179545834047,1.066587163419374,0.8666666666666667,2023-03,4,CDNS,2023-02-28
0.010179928357529256,0.4065131880153312,1.03074222358849,0.8600000000000001,2023-03,5,XOM,2023-02-28
0.00717503436540485,0.4349029739582121,1.3435186539494766,0.8133333333333335,2023-03,6,ALB,2023-02-28
0.005421193869459251,0.27268118847163614,1.2170060560503,0.6799999999999999,2023-03,7,PSX,2023-02-28
0.008731970255553879,0.327719828343394,0.5879906556754442,0.6666666666666667,2023-03,8,VRTX,2023-02-28
0.0043985019758264856,0.25781438275382107,0.8768587026361717,0.6666666666666667,2023-03,9,ORCL,2023-02-28
0.003935284823888824,0.36327529945928205,1.7167633861718194,0.6533333333333334,2023-03,10,MPWR,2023-02-28
0.03553337560444282,0.6432512297357181,1.0402650280994175,0.9600000000000001,2023-04,1,DECK,2023-03-31
0.03732605876903685,1.1693199761883266,0.8163690631890252,0.9533333333333334,2023-04,2,FSLR,2023-03-31
0.004533872851860295,0.4593698660207197,1.0968947416155534,0.9133333333333333,2023-04,3,XOM,2023-03-31
0.006450730183767894,0.3995814327544262,1.0703743527733214,0.9000000000000001,2023-04,4,CDNS,2023-03-31
0.014524573658312124,0.37512873352440557,1.1863976044861693,0.8400000000000001,2023-04,5,PSX,2023-03-31
0.020143010674648226,0.32318872838423124,1.3435027830818844,0.7400000000000001,2023-04,6,OXY,2023-03-31
0.013798731660086012,0.2348168050176787,1.0938154518621248,0.7066666666666667,2023-04,7,MTD,2023-03-31
0.005934598998575615,0.2907376978079613,0.5940068817149506,0.6866666666666668,2023-04,8,VRTX,2023-03-31
0.010298201167788457,0.24728303708283284,1.3484004975264237,0.6533333333333333,2023-04,9,ALB,2023-03-31
0.014281332102559862,0.08991732908549338,1.0054989343860083,0.6266666666666667,2023-04,10,NRG,2023-03-31
0.028345257438049113,0.6447519535663773,0.9797065261604696,0.9600000000000001,2023-05,1,DECK,2023-04-28
0.03064123817261249,1.0539253386832566,0.7828269245404673,0.9133333333333333,2023-05,2,FSLR,2023-04-28
0.008589289034860795,0.4757362825104234,1.1110568405179866,0.8800000000000001,2023-05,3,XOM,2023-04-28
0.015331949512400325,0.3704154501002257,1.1783716306073546,0.8333333333333334,2023-05,4,PSX,2023-04-28
0.010711566382457339,0.29774672374199235,1.0946671087182813,0.8066666666666669,2023-05,5,CDNS,2023-04-28
0.004512149464275342,0.5031332242075238,1.7617534391034049,0.7533333333333334,2023-05,6,NVDA,2023-04-28
0.003961246709332119,0.2582600919987662,0.8724901621735183,0.7333333333333334,2023-05,7,ORCL,2023-04-28
0.004889208340534457,0.36021717103044376,1.395216852124014,0.7133333333333334,2023-05,8,APO,2023-04-28
0.02570534800440723,0.26027100100758754,1.302260668420091,0.6933333333333334,2023-05,9,OXY,2023-04-28
0.013798731660086012,0.19445155347015833,1.0864010930152632,0.68,2023-05,10,MTD,2023-04-28
0.028345257438049113,0.5647256433807851,0.9655766872186738,0.9400000000000001,2023-06,1,DECK,2023-05-31
0.02929046424056487,1.1623335495374894,0.8018048975453221,0.92,2023-06,2,FSLR,2023-05-31
0.003961246709332119,0.3864131754049283,0.872442625613654,0.8600000000000001,2023-06,3,ORCL,2023-05-31
0.006151347690862367,0.37422816949058385,1.1013153738860186,0.8533333333333334,2023-06,4,XOM,2023-05-31
0.014141728826576754,0.31144302035753624,1.1231323141332452,0.8133333333333335,2023-06,5,PSX,2023-05-31
0.003825077703039407,0.6443817133080477,1.8092254723492753,0.7800000000000001,2023-06,6,NVDA,2023-05-31
0.007972128157104765,0.28510786163947704,1.1120630485835385,0.7666666666666667,2023-06,7,CDNS,2023-05-31
0.004889208340534457,0.2904696558161918,1.4463222353689305,0.6733333333333335,2023-06,8,APO,2023-05-31
0.008644030207679385,0.1886212929024987,0.6394739132539977,0.6466666666666667,2023-06,9,TAP,2023-05-31
0.015215317900866292,0.12016461164808771,1.193542230635987,0.6333333333333334,2023-06,10,OXY,2023-05-31
0.013954100075852934,0.5778164149986419,0.8888224781818759,0.9333333333333335,2023-07,1,DECK,2023-06-30
0.02996979727454129,1.0323379969728228,0.7837724556797807,0.9333333333333333,2023-07,2,FSLR,2023-06-30
0.007972128157104765,0.2003010464818836,1.0686592742480128,0.8533333333333334,2023-07,3,CDNS,2023-06-30
0.016230719569065268,0.233058820842137,1.112348608907789,0.8466666666666667,2023-07,4,PSX,2023-06-30
0.0052825217133138725,0.5776729761449045,0.656611877472279,0.8066666666666666,2023-07,5,CAH,2023-06-30
0.004889208340534457,0.34917230939936195,1.4306010589379339,0.7466666666666667,2023-07,6,APO,2023-06-30
0.0067961499903094824,0.09840566946069582,1.1673151056966926,0.7066666666666666,2023-07,7,ALLE,2023-06-30
0.008644030207679385,0.15369126726295232,0.595227728789457,0.6733333333333335,2023-07,8,TAP,2023-06-30
0.005985771396289828,0.08882998630508407,1.2180388950311594,0.66,2023-07,9,AAPL,2023-06-30
0.006788453190690941,0.12775892788886867,0.5954860149002532,0.6533333333333334,2023-07,10,VRTX,2023-06-30
0.03313844133286722,0.8654130953846269,0.7698427600223637,0.9400000000000001,2023-08,1,FSLR,2023-07-31
0.013954100075852934,0.5470436831193981,0.9151678792076577,0.92,2023-08,2,DECK,2023-07-31
0.012141157754711689,0.279638788791816,1.037076326388583,0.8866666666666667,2023-08,3,PSX,2023-07-31
0.005251221938265695,0.41144079791223603,0.635358965380749,0.7866666666666667,2023-08,4,CAH,2023-07-31
0.003832870444313878,0.7746012217459469,1.8250335346646511,0.7800000000000001,2023-08,5,NVDA,2023-07-31
0.006314471837074038,0.09464830790212604,0.8607189612986593,0.7466666666666667,2023-08,6,MSI,2023-07-31
0.007924923783471918,0.07457263544825435,1.0565376461595626,0.7133333333333334,2023-08,7,CDNS,2023-07-31
0.01845647248799208,0.1990705821836409,1.563633216888301,0.6933333333333334,2023-08,8,APA,2023-07-31
0.009579299357793634,0.13260076266254234,0.6017337000770091,0.6866666666666668,2023-08,9,VRTX,2023-07-31
0.007077842359505002,0.05726695787338443,0.9649999886402207,0.6799999999999999,2023-08,10,FAST,2023-07-31
0.02992842973323253,0.45459462332900685,0.8002150655883009,0.9466666666666668,2023-09,1,FSLR,2023-08-31
0.013093117204328578,0.3128531431732234,1.0054733315587219,0.9466666666666668,2023-09,2,PSX,2023-08-31
0.007990795744474602,0.409244218526281,0.8738235033630267,0.9333333333333335,2023-09,3,DECK,2023-08-31
0.004213631825056598,0.12287757041463815,1.1054175050548143,0.8133333333333335,2023-09,4,CDNS,2023-08-31
0.0036726524195973835,0.19205709052304523,0.6290807018597947,0.7533333333333334,2023-09,5,CAH,2023-08-31
0.019310174322632885,0.20955710527719332,1.5525972927133262,0.7466666666666667,2023-09,6,APA,2023-08-31
0.007768076622769946,0.033649283262047205,0.937698667899818,0.7133333333333334,2023-09,7,FAST,2023-08-31
0.006314471837074038,0.03726518391785435,0.8626977106491169,0.7133333333333333,2023-09,8,MSI,2023-08-31
0.011313671630526346,0.171483689178985,0.5413069258708076,0.7066666666666668,2023-09,9,TAP,2023-08-31
0.009311807391149972,0.09705083987663107,0.6142940984472333,0.6666666666666667,2023-09,10,VRTX,2023-08-31
0.003989737415475705,0.40615168614598207,0.9105367043104419,0.9733333333333334,2023-10,1,PSX,2023-09-29
0.003988451715544345,0.23627046656137285,0.9692874884613482,0.9600000000000001,2023-10,2,XOM,2023-09-29
0.03302654441564329,0.1758639195860318,0.9001350055956326,0.8600000000000001,2023-10,3,FSLR,2023-09-29
0.004590880561184573,0.11871301472944218,1.1635670364381936,0.7800000000000001,2023-10,4,CDNS,2023-09-29
0.025275134851062107,0.23404380730265487,0.4822234594567274,0.7733333333333333,2023-10,5,TAP,2023-09-29
0.0053234776807209805,0.0712151478647563,0.8519776672457463,0.76,2023-10,6,REG,2023-09-29
0.01220282092296257,0.1836556494075117,1.485599046662894,0.7533333333333334,2023-10,7,APA,2023-09-29
0.007768076622769946,0.041209516478911454,0.9205625580119052,0.74,2023-10,8,FAST,2023-09-29
0.005637510177043695,0.15901072397075824,0.578898147029942,0.7200000000000001,2023-10,9,CAH,2023-09-29
0.0036937263276841906,-8.798333371616714e-05,0.9862309596618493,0.6533333333333333,2023-10,10,PLD,2023-09-29
0.021070362447154902,0.17256421652503418,0.9797066357727832,0.9200000000000002,2023-11,1,FSLR,2023-10-31
0.003971098160201853,0.26963041747787936,1.2449981384932902,0.9066666666666667,2023-11,2,CDNS,2023-10-31
0.004973633835713069,0.16260300280489273,0.8507200847507198,0.8666666666666667,2023-11,3,ROST,2023-10-31
0.0026152008611786837,0.8745646992239712,1.993054038618302,0.8066666666666668,2023-11,4,NVDA,2023-10-31
0.00514835136106352,0.1491311050252934,1.2140636106604001,0.7866666666666668,2023-11,5,MSFT,2023-10-31
0.00707784200471545,0.14122501342143065,0.8314041081472632,0.78,2023-11,6,FAST,2023-10-31
0.004123683004461943,0.17959258397884154,1.7559001925333417,0.76,2023-11,7,MPWR,2023-10-31
0.0053234776807209805,0.10716691801657338,0.9159187298933487,0.74,2023-11,8,REG,2023-10-31
0.008455712392571427,0.15384735346262002,0.5051606968589957,0.7200000000000001,2023-11,9,CAH,2023-10-31
0.025275134851062107,0.1401897824734284,0.48508567993628743,0.6333333333333333,2023-11,10,TAP,2023-10-31
0.00443897538241886,0.42899578577092456,0.8159307767414122,0.9533333333333334,2023-12,1,DECK,2023-11-30
0.007541516417969261,0.17260451095337076,0.8452467528612453,0.8866666666666667,2023-12,2,GDDY,2023-11-30
0.003971098160201853,0.24171323731086114,1.2236796963163168,0.88,2023-12,3,CDNS,2023-11-30
0.00951324158523426,0.25928913294388944,0.5745820792763338,0.8600000000000001,2023-12,4,CAH,2023-11-30
0.0044548526202493,0.1477737246590819,1.2010500594122175,0.8133333333333335,2023-12,5,MSFT,2023-11-30
0.00524664492834182,0.10881191219925894,1.2907230446157256,0.7533333333333334,2023-12,6,GPN,2023-11-30
0.0059374404489678685,0.0763657093403679,0.8202554403920355,0.7466666666666667,2023-12,7,MSI,2023-11-30
0.0033553756192011177,0.19753347750485717,1.8214297555308707,0.7266666666666668,2023-12,8,MPWR,2023-11-30
0.006896509360226374,0.06194599277265421,0.8239601215071843,0.7266666666666666,2023-12,9,FAST,2023-11-30
0.007217162623843626,0.0487405964978135,1.1621733775783314,0.7133333333333334,2023-12,10,AAPL,2023-11-30
